edate,inflation,spyield,unemployment,umcsent4,homeindex,genre,gross
200601,0.0916186,0.30560127,4.7,86.7,0.0914,Action,64724295
200602,0.026267048,0.005437892,4.8,88.9,0.0914,Action,8357325
200603,0.06854839,0.13314973,4.7,87.4,0.0914,Action,125928240
200604,0.0982292,0.14586784,4.7,79.1,0.071,Action,2220
200605,0.05965203,-0.371003,4.6,84.9,0.071,Action,368533435
200606,0.025721353,0.001039155,4.6,84.7,0.071,Action,65454326
200607,0.035538007,0.061030544,4.7,82.0,0.0455,Action,63520641
200609,-0.058929447,0.29479557,4.5,93.6,0.0455,Action,94964871
200610,-0.065142296,0.37809604,4.4,92.1,0.0288,Action,21727955
200611,-0.019847833,0.19759989,4.5,91.7,0.0288,Action,170008586
200612,0.017892644,0.15138939,4.4,96.9,0.0288,Action,114811324
200601,0.0916186,0.30560127,4.7,86.7,0.0914,Adventure,98665890
200602,0.026267048,0.005437892,4.8,88.9,0.0914,Adventure,230058104
200603,0.06854839,0.13314973,4.7,87.4,0.0914,Adventure,195330621
200604,0.0982292,0.14586784,4.7,79.1,0.071,Adventure,110323204
200605,0.05965203,-0.371003,4.6,84.9,0.071,Adventure,223811794
200606,0.025721353,0.001039155,4.6,84.7,0.071,Adventure,472629729
200607,0.035538007,0.061030544,4.7,82.0,0.0455,Adventure,525119357
200608,0.02559055,0.25529033,4.7,85.4,0.0455,Adventure,84768328
200609,-0.058929447,0.29479557,4.5,93.6,0.0455,Adventure,100385675
200610,-0.065142296,0.37809604,4.4,92.1,0.0288,Adventure,463002
200611,-0.019847833,0.19759989,4.5,91.7,0.0288,Adventure,347166111
200612,0.017892644,0.15138939,4.4,96.9,0.0288,Adventure,342548655
200601,0.0916186,0.30560127,4.7,86.7,0.0914,Comedy,116814275
200602,0.026267048,0.005437892,4.8,88.9,0.0914,Comedy,111890362
200603,0.06854839,0.13314973,4.7,87.4,0.0914,Comedy,117673409
200604,0.0982292,0.14586784,4.7,79.1,0.071,Comedy,193954300
200605,0.05965203,-0.371003,4.6,84.9,0.071,Comedy,7890525
200606,0.025721353,0.001039155,4.6,84.7,0.071,Comedy,365628067
200607,0.035538007,0.061030544,4.7,82.0,0.0455,Comedy,244317390
200608,0.02559055,0.25529033,4.7,85.4,0.0455,Comedy,230249880
200609,-0.058929447,0.29479557,4.5,93.6,0.0455,Comedy,27378041
200610,-0.065142296,0.37809604,4.4,92.1,0.0288,Comedy,78573252
200611,-0.019847833,0.19759989,4.5,91.7,0.0288,Comedy,238242495
200612,0.017892644,0.15138939,4.4,96.9,0.0288,Comedy,5459147
200601,0.0916186,0.30560127,4.7,86.7,0.0914,Drama,97941756
200602,0.026267048,0.005437892,4.8,88.9,0.0914,Drama,28762484
200603,0.06854839,0.13314973,4.7,87.4,0.0914,Drama,6805199
200604,0.0982292,0.14586784,4.7,79.1,0.071,Drama,99807348
200605,0.05965203,-0.371003,4.6,84.9,0.071,Drama,9183454
200606,0.025721353,0.001039155,4.6,84.7,0.071,Drama,77395457
200607,0.035538007,0.061030544,4.7,82.0,0.0455,Drama,3509267
200608,0.02559055,0.25529033,4.7,85.4,0.0455,Drama,264278360
200609,-0.058929447,0.29479557,4.5,93.6,0.0455,Drama,190700008
200610,-0.065142296,0.37809604,4.4,92.1,0.0288,Drama,260127952
200611,-0.019847833,0.19759989,4.5,91.7,0.0288,Drama,36027726
200612,0.017892644,0.15138939,4.4,96.9,0.0288,Drama,510755489
200601,0.0916186,0.30560127,4.7,86.7,0.0914,Horror,47326473
200602,0.026267048,0.005437892,4.8,88.9,0.0914,Horror,102165136
200603,0.06854839,0.13314973,4.7,87.4,0.0914,Horror,72667793
200604,0.0982292,0.14586784,4.7,79.1,0.071,Horror,48009082
200605,0.05965203,-0.371003,4.6,84.9,0.071,Horror,31337254
200606,0.025721353,0.001039155,4.6,84.7,0.071,Horror,54607383
200608,0.02559055,0.25529033,4.7,85.4,0.0455,Horror,20320725
200609,-0.058929447,0.29479557,4.5,93.6,0.0455,Horror,80347
200610,-0.065142296,0.37809604,4.4,92.1,0.0288,Horror,158918312
200611,-0.019847833,0.19759989,4.5,91.7,0.0288,Horror,2310680
200612,0.017892644,0.15138939,4.4,96.9,0.0288,Horror,53870353
200602,0.026267048,0.005437892,4.8,88.9,0.0914,Thriller/Suspense,48751209
200603,0.06854839,0.13314973,4.7,87.4,0.0914,Thriller/Suspense,94625521
200604,0.0982292,0.14586784,4.7,79.1,0.071,Thriller/Suspense,58776163
200605,0.05965203,-0.371003,4.6,84.9,0.071,Thriller/Suspense,217869446
200607,0.035538007,0.061030544,4.7,82.0,0.0455,Thriller/Suspense,47908175
200608,0.02559055,0.25529033,4.7,85.4,0.0455,Thriller/Suspense,60156998
200609,-0.058929447,0.29479557,4.5,93.6,0.0455,Thriller/Suspense,70451064
200610,-0.065142296,0.37809604,4.4,92.1,0.0288,Thriller/Suspense,57389664
200611,-0.019847833,0.19759989,4.5,91.7,0.0288,Thriller/Suspense,71868608
200612,0.017892644,0.15138939,4.4,96.9,0.0288,Thriller/Suspense,42600020
200701,0.036684863,0.16870852,4.6,91.3,0.02,Action,75234
200702,0.06424034,-0.2621541,4.5,88.4,0.02,Action,117092808
200703,0.109272726,0.1197598,4.4,87.1,0.02,Action,266965960
200704,0.07793284,0.5194883,4.5,88.3,0.0101,Action,48216189
200706,0.02327101,-0.21379587,4.6,90.4,0.0101,Action,271159428
200707,-0.00305706,-0.38378254,4.7,83.4,-0.0043,Action,324747845
200708,-0.021981826,0.15436286,4.6,83.4,-0.0043,Action,182141906
200709,0.03306215,0.4295281,4.7,80.9,-0.0043,Action,72118466
200711,0.071304515,-0.528521,4.7,75.5,-0.027,Action,113968315
200712,-0.008081347,-0.103542104,5.0,78.4,-0.027,Action,41797066
200701,0.036684863,0.16870852,4.6,91.3,0.02,Adventure,30981795
200703,0.109272726,0.1197598,4.4,87.1,0.02,Adventure,119293218
200705,0.073282294,0.39059076,4.4,85.3,0.0101,Adventure,968670672
200706,0.02327101,-0.21379587,4.6,90.4,0.0101,Adventure,382457813
200707,-0.00305706,-0.38378254,4.7,83.4,-0.0043,Adventure,475272274
200708,-0.021981826,0.15436286,4.6,83.4,-0.0043,Adventure,115697710
200709,0.03306215,0.4295281,4.7,80.9,-0.0043,Adventure,11902715
200710,0.02566997,0.17786805,4.7,76.1,-0.027,Adventure,10037651
200711,0.071304515,-0.528521,4.7,75.5,-0.027,Adventure,208990422
200712,-0.008081347,-0.103542104,5.0,78.4,-0.027,Adventure,548028091
200701,0.036684863,0.16870852,4.6,91.3,0.02,Comedy,83539966
200702,0.06424034,-0.2621541,4.5,88.4,0.02,Comedy,118064735
200703,0.109272726,0.1197598,4.4,87.1,0.02,Comedy,287240690
200704,0.07793284,0.5194883,4.5,88.3,0.0101,Comedy,106358269
200705,0.073282294,0.39059076,4.4,85.3,0.0101,Comedy,9054359
200706,0.02327101,-0.21379587,4.6,90.4,0.0101,Comedy,101307967
200707,-0.00305706,-0.38378254,4.7,83.4,-0.0043,Comedy,128538786
200708,-0.021981826,0.15436286,4.6,83.4,-0.0043,Comedy,233518685
200709,0.03306215,0.4295281,4.7,80.9,-0.0043,Comedy,130771316
200710,0.02566997,0.17786805,4.7,76.1,-0.027,Comedy,76122178
200711,0.071304515,-0.528521,4.7,75.5,-0.027,Comedy,104218743
200712,-0.008081347,-0.103542104,5.0,78.4,-0.027,Comedy,256835004
200701,0.036684863,0.16870852,4.6,91.3,0.02,Drama,115919971
200702,0.06424034,-0.2621541,4.5,88.4,0.02,Drama,128532340
200703,0.109272726,0.1197598,4.4,87.1,0.02,Drama,96015927
200704,0.07793284,0.5194883,4.5,88.3,0.0101,Drama,9712563
200705,0.073282294,0.39059076,4.4,85.3,0.0101,Drama,54188315
200706,0.02327101,-0.21379587,4.6,90.4,0.0101,Drama,35964448
200707,-0.00305706,-0.38378254,4.7,83.4,-0.0043,Drama,6882599
200708,-0.021981826,0.15436286,4.6,83.4,-0.0043,Drama,13928060
200709,0.03306215,0.4295281,4.7,80.9,-0.0043,Drama,75706207
200710,0.02566997,0.17786805,4.7,76.1,-0.027,Drama,141871821
200711,0.071304515,-0.528521,4.7,75.5,-0.027,Drama,262634778
200712,-0.008081347,-0.103542104,5.0,78.4,-0.027,Drama,210413790
200701,0.036684863,0.16870852,4.6,91.3,0.02,Horror,14124322
200702,0.06424034,-0.2621541,4.5,88.4,0.02,Horror,36630357
200703,0.109272726,0.1197598,4.4,87.1,0.02,Horror,37447892
200704,0.07793284,0.5194883,4.5,88.3,0.0101,Horror,50211839
200705,0.073282294,0.39059076,4.4,85.3,0.0101,Horror,28638916
200706,0.02327101,-0.21379587,4.6,90.4,0.0101,Horror,90025843
200707,-0.00305706,-0.38378254,4.7,83.4,-0.0043,Horror,2686800
200708,-0.021981826,0.15436286,4.6,83.4,-0.0043,Horror,59288116
200709,0.03306215,0.4295281,4.7,80.9,-0.0043,Horror,50856881
200710,0.02566997,0.17786805,4.7,76.1,-0.027,Horror,102869091
200711,0.071304515,-0.528521,4.7,75.5,-0.027,Horror,33332781
200712,-0.008081347,-0.103542104,5.0,78.4,-0.027,Horror,376561811
200701,0.036684863,0.16870852,4.6,91.3,0.02,Thriller/Suspense,17399218
200702,0.06424034,-0.2621541,4.5,88.4,0.02,Thriller/Suspense,98692213
200703,0.109272726,0.1197598,4.4,87.1,0.02,Thriller/Suspense,94864090
200704,0.07793284,0.5194883,4.5,88.3,0.0101,Thriller/Suspense,188907727
200705,0.073282294,0.39059076,4.4,85.3,0.0101,Thriller/Suspense,1103969
200706,0.02327101,-0.21379587,4.6,90.4,0.0101,Thriller/Suspense,54162111
200707,-0.00305706,-0.38378254,4.7,83.4,-0.0043,Thriller/Suspense,11404400
200708,-0.021981826,0.15436286,4.6,83.4,-0.0043,Thriller/Suspense,245724812
200709,0.03306215,0.4295281,4.7,80.9,-0.0043,Thriller/Suspense,17181265
200710,0.02566997,0.17786805,4.7,76.1,-0.027,Thriller/Suspense,10920491
200711,0.071304515,-0.528521,4.7,75.5,-0.027,Thriller/Suspense,14376195
200712,-0.008081347,-0.103542104,5.0,78.4,-0.027,Thriller/Suspense,324233
200801,0.0596401,-0.73396116,5.0,70.8,-0.0553,Action,127680536
200802,0.03488212,-0.4171343,4.9,69.5,-0.0553,Action,4070
200803,0.104021356,-0.071515486,5.1,62.6,-0.0553,Action,37229987
200804,0.07277264,0.5705604,5.0,59.8,-0.0792,Action,52532650
200805,0.10103261,0.12809017,5.4,56.4,-0.0792,Action,46593941
200806,0.120955475,-1.0315486,5.6,61.2,-0.0792,Action,134508551
200807,0.062995635,-0.118312456,5.8,63.0,-0.0909,Action,858636202
200808,-0.047915135,0.14628558,6.1,70.3,-0.0909,Action,61636382
200809,-0.016602568,-1.0894972,6.1,57.6,-0.0909,Action,15306877
200810,-0.12117624,-2.0330942,6.5,55.3,-0.1012,Action,46390019
200811,-0.22984225,-0.89818853,6.8,60.1,-0.1012,Action,201083489
200812,-0.12410503,0.09385892,7.3,61.2,-0.1012,Action,27857165
200801,0.0596401,-0.73396116,5.0,70.8,-0.0553,Adventure,12981269
200802,0.03488212,-0.4171343,4.9,69.5,-0.0553,Adventure,221604809
200803,0.104021356,-0.071515486,5.1,62.6,-0.0553,Adventure,295130743
200804,0.07277264,0.5705604,5.0,59.8,-0.0792,Adventure,48067430
200805,0.10103261,0.12809017,5.4,56.4,-0.0792,Adventure,777326735
200806,0.120955475,-1.0315486,5.6,61.2,-0.0792,Adventure,574053766
200807,0.062995635,-0.118312456,5.8,63.0,-0.0909,Adventure,144642672
200808,-0.047915135,0.14628558,6.1,70.3,-0.0909,Adventure,196431347
200809,-0.016602568,-1.0894972,6.1,57.6,-0.0909,Adventure,19763629
200810,-0.12117624,-2.0330942,6.5,55.3,-0.1012,Adventure,103573253
200811,-0.22984225,-0.89818853,6.8,60.1,-0.1012,Adventure,294283884
200812,-0.12410503,0.09385892,7.3,61.2,-0.1012,Adventure,241261938
200801,0.0596401,-0.73396116,5.0,70.8,-0.0553,Comedy,97267313
200802,0.03488212,-0.4171343,4.9,69.5,-0.0553,Comedy,112393452
200803,0.104021356,-0.071515486,5.1,62.6,-0.0553,Comedy,122250209
200804,0.07277264,0.5705604,5.0,59.8,-0.0792,Comedy,110606504
200805,0.10103261,0.12809017,5.4,56.4,-0.0792,Comedy,154864117
200806,0.120955475,-1.0315486,5.6,61.2,-0.0792,Comedy,266885089
200807,0.062995635,-0.118312456,5.8,63.0,-0.0909,Comedy,104811658
200808,-0.047915135,0.14628558,6.1,70.3,-0.0909,Comedy,318861422
200809,-0.016602568,-1.0894972,6.1,57.6,-0.0909,Comedy,86663340
200810,-0.12117624,-2.0330942,6.5,55.3,-0.1012,Comedy,55608168
200811,-0.22984225,-0.89818853,6.8,60.1,-0.1012,Comedy,200140339
200812,-0.12410503,0.09385892,7.3,61.2,-0.1012,Comedy,248348463
200801,0.0596401,-0.73396116,5.0,70.8,-0.0553,Drama,9639949
200802,0.03488212,-0.4171343,4.9,69.5,-0.0553,Drama,106772576
200803,0.104021356,-0.071515486,5.1,62.6,-0.0553,Drama,28434672
200804,0.07277264,0.5705604,5.0,59.8,-0.0792,Drama,5996344
200805,0.10103261,0.12809017,5.4,56.4,-0.0792,Drama,8148326
200806,0.120955475,-1.0315486,5.6,61.2,-0.0792,Drama,28259356
200807,0.062995635,-0.118312456,5.8,63.0,-0.0909,Drama,6795849
200808,-0.047915135,0.14628558,6.1,70.3,-0.0909,Drama,25097172
200809,-0.016602568,-1.0894972,6.1,57.6,-0.0909,Drama,104719083
200810,-0.12117624,-2.0330942,6.5,55.3,-0.1012,Drama,146113421
200811,-0.22984225,-0.89818853,6.8,60.1,-0.1012,Drama,428662377
200812,-0.12410503,0.09385892,7.3,61.2,-0.1012,Drama,509067540
200801,0.0596401,-0.73396116,5.0,70.8,-0.0553,Horror,80670123
200802,0.03488212,-0.4171343,4.9,69.5,-0.0553,Horror,3619899
200803,0.104021356,-0.071515486,5.1,62.6,-0.0553,Horror,77795028
200804,0.07277264,0.5705604,5.0,59.8,-0.0792,Horror,183937938
200805,0.10103261,0.12809017,5.4,56.4,-0.0792,Horror,34770
200806,0.120955475,-1.0315486,5.6,61.2,-0.0792,Horror,164841
200808,-0.047915135,0.14628558,6.1,70.3,-0.0909,Horror,92120856
200810,-0.12117624,-2.0330942,6.5,55.3,-0.1012,Horror,312188309
200811,-0.22984225,-0.89818853,6.8,60.1,-0.1012,Horror,1725144
200801,0.0596401,-0.73396116,5.0,70.8,-0.0553,Thriller/Suspense,28687835
200802,0.03488212,-0.4171343,4.9,69.5,-0.0553,Thriller/Suspense,103764439
200803,0.104021356,-0.071515486,5.1,62.6,-0.0553,Thriller/Suspense,112570605
200804,0.07277264,0.5705604,5.0,59.8,-0.0792,Thriller/Suspense,48085402
200805,0.10103261,0.12809017,5.4,56.4,-0.0792,Thriller/Suspense,53078070
200806,0.120955475,-1.0315486,5.6,61.2,-0.0792,Thriller/Suspense,64506874
200807,0.062995635,-0.118312456,5.8,63.0,-0.0909,Thriller/Suspense,8412115
200808,-0.047915135,0.14628558,6.1,70.3,-0.0909,Thriller/Suspense,24018680
200809,-0.016602568,-1.0894972,6.1,57.6,-0.0909,Thriller/Suspense,180785659
200810,-0.12117624,-2.0330942,6.5,55.3,-0.1012,Thriller/Suspense,78831340
200811,-0.22984225,-0.89818853,6.8,60.1,-0.1012,Thriller/Suspense,29784
200812,-0.12410503,0.09385892,7.3,61.2,-0.1012,Thriller/Suspense,86146943
200901,0.052211113,-1.0278881,7.8,56.3,-0.0849,Action,45983163
200902,0.059687804,-1.3191744,8.3,57.3,-0.0849,Action,8742261
200903,0.02916759,1.0248536,8.7,65.1,-0.0849,Action,119744493
200904,0.029925516,1.127101,9.0,68.7,-0.0726,Action,178162095
200905,0.03466031,0.6369774,9.4,70.8,-0.0726,Action,305206817
200906,0.1031195,0.002349918,9.5,66.0,-0.0726,Action,467564182
200907,-0.019036682,0.8897007,9.5,65.7,-0.053,Action,256682
200908,0.026935525,0.40272227,9.6,73.5,-0.053,Action,271452362
200909,0.00749833,0.42868015,9.8,70.6,-0.053,Action,59112679
200910,0.011537249,-0.23714401,10.0,67.4,-0.0251,Action,24743880
200911,0.008487113,0.68836874,9.9,72.5,-0.0251,Action,204862097
200912,-0.021128718,0.21324685,9.9,74.4,-0.0251,Action,760507625
200901,0.052211113,-1.0278881,7.8,56.3,-0.0849,Adventure,236818149
200902,0.059687804,-1.3191744,8.3,57.3,-0.0849,Adventure,111209207
200903,0.02916759,1.0248536,8.7,65.1,-0.0849,Adventure,265573803
200904,0.029925516,1.127101,9.0,68.7,-0.0726,Adventure,9362785
200905,0.03466031,0.6369774,9.4,70.8,-0.0726,Adventure,729624987
200906,0.1031195,0.002349918,9.5,66.0,-0.0726,Adventure,16222392
200907,-0.019036682,0.8897007,9.5,65.7,-0.053,Adventure,643407962
200908,0.026935525,0.40272227,9.6,73.5,-0.053,Adventure,36011875
200909,0.00749833,0.42868015,9.8,70.6,-0.053,Adventure,156620169
200910,0.011537249,-0.23714401,10.0,67.4,-0.0251,Adventure,127486980
200911,0.008487113,0.68836874,9.9,72.5,-0.0251,Adventure,167597878
200912,-0.021128718,0.21324685,9.9,74.4,-0.0251,Adventure,436498407
200901,0.052211113,-1.0278881,7.8,56.3,-0.0849,Comedy,59071529
200902,0.059687804,-1.3191744,8.3,57.3,-0.0849,Comedy,109126402
200903,0.02916759,1.0248536,8.7,65.1,-0.0849,Comedy,129254121
200904,0.029925516,1.127101,9.0,68.7,-0.0726,Comedy,88707256
200905,0.03466031,0.6369774,9.4,70.8,-0.0726,Comedy,37991753
200906,0.1031195,0.002349918,9.5,66.0,-0.0726,Comedy,379575744
200907,-0.019036682,0.8897007,9.5,65.7,-0.053,Comedy,140082133
200908,0.026935525,0.40272227,9.6,73.5,-0.053,Comedy,118983808
200909,0.00749833,0.42868015,9.8,70.6,-0.053,Comedy,66999055
200910,0.011537249,-0.23714401,10.0,67.4,-0.0251,Comedy,226743056
200911,0.008487113,0.68836874,9.9,72.5,-0.0251,Comedy,59250432
200912,-0.021128718,0.21324685,9.9,74.4,-0.0251,Comedy,6575279
200901,0.052211113,-1.0278881,7.8,56.3,-0.0849,Drama,80214894
200902,0.059687804,-1.3191744,8.3,57.3,-0.0849,Drama,10754955
200903,0.02916759,1.0248536,8.7,65.1,-0.0849,Drama,4482037
200904,0.029925516,1.127101,9.0,68.7,-0.0726,Drama,116409834
200905,0.03466031,0.6369774,9.4,70.8,-0.0726,Drama,4074849
200906,0.1031195,0.002349918,9.5,66.0,-0.0726,Drama,71334872
200907,-0.019036682,0.8897007,9.5,65.7,-0.053,Drama,141890187
200908,0.026935525,0.40272227,9.6,73.5,-0.053,Drama,72135146
200909,0.00749833,0.42868015,9.8,70.6,-0.053,Drama,36341842
200910,0.011537249,-0.23714401,10.0,67.4,-0.0251,Drama,31319039
200911,0.008487113,0.68836874,9.9,72.5,-0.0251,Drama,751062489
200912,-0.021128718,0.21324685,9.9,74.4,-0.0251,Drama,265226882
200901,0.052211113,-1.0278881,7.8,56.3,-0.0849,Horror,245759272
200902,0.059687804,-1.3191744,8.3,57.3,-0.0849,Horror,130004228
200903,0.02916759,1.0248536,8.7,65.1,-0.0849,Horror,176360500
200905,0.03466031,0.6369774,9.4,70.8,-0.0726,Horror,84210526
200906,0.1031195,0.002349918,9.5,66.0,-0.0726,Horror,8980
200907,-0.019036682,0.8897007,9.5,65.7,-0.053,Horror,16077818
200908,0.026935525,0.40272227,9.6,73.5,-0.053,Horror,199772072
200909,0.00749833,0.42868015,9.8,70.6,-0.053,Horror,260429890
200910,0.011537249,-0.23714401,10.0,67.4,-0.0251,Horror,55589014
200901,0.052211113,-1.0278881,7.8,56.3,-0.0849,Thriller/Suspense,145038999
200902,0.059687804,-1.3191744,8.3,57.3,-0.0849,Thriller/Suspense,58058770
200903,0.02916759,1.0248536,8.7,65.1,-0.0849,Thriller/Suspense,82625643
200904,0.029925516,1.127101,9.0,68.7,-0.0726,Thriller/Suspense,119372423
200905,0.03466031,0.6369774,9.4,70.8,-0.0726,Thriller/Suspense,146989933
200906,0.1031195,0.002349918,9.5,66.0,-0.0726,Thriller/Suspense,5087551
200907,-0.019036682,0.8897007,9.5,65.7,-0.053,Thriller/Suspense,148089
200908,0.026935525,0.40272227,9.6,73.5,-0.053,Thriller/Suspense,132447838
200909,0.00749833,0.42868015,9.8,70.6,-0.053,Thriller/Suspense,60300672
200910,0.011537249,-0.23714401,10.0,67.4,-0.0251,Thriller/Suspense,103476039
200911,0.008487113,0.68836874,9.9,72.5,-0.0251,Thriller/Suspense,46284452
200912,-0.021128718,0.21324685,9.9,74.4,-0.0251,Thriller/Suspense,25070658
201001,0.04101489,-0.44369096,9.8,73.6,-0.029,Action,95379617
201002,0.002976438,0.34216428,9.8,73.6,-0.029,Action,20279
201003,0.049274635,0.7055571,9.9,72.2,-0.029,Action,13942007
201004,0.020873567,0.17711076,9.9,73.6,-0.0193,Action,187063884
201005,0.009279407,-0.9837101,9.6,76.0,-0.0193,Action,508680155
201006,-0.011714232,-0.6465893,9.4,67.8,-0.0193,Action,211259508
201007,0.002573033,0.8253342,9.4,68.9,-0.0309,Action,52390893
201008,0.01653738,-0.56939024,9.5,68.2,-0.0309,Action,103192094
201009,0.00697284,1.0506133,9.5,67.7,-0.0309,Action,26593646
201010,0.01496456,0.44227195,9.4,71.6,-0.0399,Action,92656589
201011,0.005055238,-0.027482998,9.8,74.5,-0.0399,Action,104802962
201001,0.04101489,-0.44369096,9.8,73.6,-0.029,Adventure,84329362
201002,0.002976438,0.34216428,9.8,73.6,-0.029,Adventure,88970160
201003,0.049274635,0.7055571,9.9,72.2,-0.029,Adventure,616624504
201004,0.020873567,0.17711076,9.9,73.6,-0.0193,Adventure,17630465
201005,0.009279407,-0.9837101,9.6,76.0,-0.0193,Adventure,238736787
201006,-0.011714232,-0.6465893,9.4,67.8,-0.0193,Adventure,625241286
201007,0.002573033,0.8253342,9.4,68.9,-0.0309,Adventure,516189918
201008,0.01653738,-0.56939024,9.5,68.2,-0.0309,Adventure,29246300
201009,0.00697284,1.0506133,9.5,67.7,-0.0309,Adventure,80782580
201011,0.005055238,-0.027482998,9.8,74.5,-0.0399,Adventure,444547411
201012,0.020596914,0.7836005,9.3,74.2,-0.0399,Adventure,422249789
201001,0.04101489,-0.44369096,9.8,73.6,-0.029,Comedy,15552374
201002,0.002976438,0.34216428,9.8,73.6,-0.029,Comedy,44875481
201003,0.049274635,0.7055571,9.9,72.2,-0.029,Comedy,78140554
201004,0.020873567,0.17711076,9.9,73.6,-0.0193,Comedy,98742015
201005,0.009279407,-0.9837101,9.6,76.0,-0.0193,Comedy,105619279
201006,-0.011714232,-0.6465893,9.4,67.8,-0.0193,Comedy,231084354
201007,0.002573033,0.8253342,9.4,68.9,-0.0309,Comedy,94866199
201008,0.01653738,-0.56939024,9.5,68.2,-0.0309,Comedy,213013692
201009,0.00697284,1.0506133,9.5,67.7,-0.0309,Comedy,85940510
201010,0.01496456,0.44227195,9.4,71.6,-0.0399,Comedy,7053972
201011,0.005055238,-0.027482998,9.8,74.5,-0.0399,Comedy,133405776
201012,0.020596914,0.7836005,9.3,74.2,-0.0399,Comedy,152079269
201001,0.04101489,-0.44369096,9.8,73.6,-0.029,Drama,25317410
201002,0.002976438,0.34216428,9.8,73.6,-0.029,Drama,88634342
201003,0.049274635,0.7055571,9.9,72.2,-0.029,Drama,123258557
201004,0.020873567,0.17711076,9.9,73.6,-0.0193,Drama,66320880
201005,0.009279407,-0.9837101,9.6,76.0,-0.0193,Drama,61248181
201006,-0.011714232,-0.6465893,9.4,67.8,-0.0193,Drama,315466604
201007,0.002573033,0.8253342,9.4,68.9,-0.0309,Drama,32397959
201008,0.01653738,-0.56939024,9.5,68.2,-0.0309,Drama,133067778
201009,0.00697284,1.0506133,9.5,67.7,-0.0309,Drama,69484527
201010,0.01496456,0.44227195,9.4,71.6,-0.0399,Drama,168047800
201011,0.005055238,-0.027482998,9.8,74.5,-0.0399,Drama,240214941
201012,0.020596914,0.7836005,9.3,74.2,-0.0399,Drama,131819176
201001,0.04101489,-0.44369096,9.8,73.6,-0.029,Horror,140960114
201002,0.002976438,0.34216428,9.8,73.6,-0.029,Horror,203119300
201004,0.020873567,0.17711076,9.9,73.6,-0.0193,Horror,126730148
201005,0.009279407,-0.9837101,9.6,76.0,-0.0193,Horror,275190
201006,-0.011714232,-0.6465893,9.4,67.8,-0.0193,Horror,34020340
201008,0.01653738,-0.56939024,9.5,68.2,-0.0309,Horror,132095058
201009,0.00697284,1.0506133,9.5,67.7,-0.0309,Horror,187616442
201010,0.01496456,0.44227195,9.4,71.6,-0.0399,Horror,317660528
201011,0.005055238,-0.027482998,9.8,74.5,-0.0399,Horror,7394
201001,0.04101489,-0.44369096,9.8,73.6,-0.029,Thriller/Suspense,43735591
201002,0.002976438,0.34216428,9.8,73.6,-0.029,Thriller/Suspense,167647228
201003,0.049274635,0.7055571,9.9,72.2,-0.029,Thriller/Suspense,30337326
201004,0.020873567,0.17711076,9.9,73.6,-0.0193,Thriller/Suspense,14075875
201005,0.009279407,-0.9837101,9.6,76.0,-0.0193,Thriller/Suspense,1685269
201006,-0.011714232,-0.6465893,9.4,67.8,-0.0193,Thriller/Suspense,403952
201007,0.002573033,0.8253342,9.4,68.9,-0.0309,Thriller/Suspense,410887563
201008,0.01653738,-0.56939024,9.5,68.2,-0.0309,Thriller/Suspense,58348079
201009,0.00697284,1.0506133,9.5,67.7,-0.0309,Thriller/Suspense,128843250
201010,0.01496456,0.44227195,9.4,71.6,-0.0399,Thriller/Suspense,47599193
201011,0.005055238,-0.027482998,9.8,74.5,-0.0399,Thriller/Suspense,42586093
201012,0.020596914,0.7836005,9.3,74.2,-0.0399,Thriller/Suspense,176656304
201101,0.057188723,0.27174687,9.1,77.5,-0.052,Action,128122105
201102,0.05913669,0.38347876,9.0,67.5,-0.052,Action,53423145
201103,0.11704174,-0.012567758,9.0,69.8,-0.052,Action,119997010
201104,0.077226326,0.34194458,9.1,74.3,-0.0554,Action,211044470
201105,0.056462876,-0.16201143,9.0,71.5,-0.0554,Action,181824109
201106,-0.012852958,-0.21908954,9.1,63.7,-0.0554,Action,615400020
201107,0.010648336,-0.2576931,9.0,55.8,-0.0363,Action,278109267
201108,0.033086963,-0.6814933,9.0,59.5,-0.0363,Action,23297631
201109,0.018213218,-0.8611439,9.0,60.8,-0.0363,Action,61666731
201110,-0.024718314,1.2926764,8.8,63.7,-0.0247,Action,88013144
201111,-0.010155428,-0.06070458,8.6,69.9,-0.0247,Action,83614488
201112,-0.029571304,0.102393165,8.5,75.0,-0.0247,Action,421364295
201101,0.057188723,0.27174687,9.1,77.5,-0.052,Adventure,2719296
201102,0.05913669,0.38347876,9.0,67.5,-0.052,Adventure,55447573
201103,0.11704174,-0.012567758,9.0,69.8,-0.052,Adventure,197633180
201104,0.077226326,0.34194458,9.1,74.3,-0.0554,Adventure,261851708
201105,0.056462876,-0.16201143,9.0,71.5,-0.0554,Adventure,406312938
201106,-0.012852958,-0.21908954,9.1,63.7,-0.0554,Adventure,274688977
201107,0.010648336,-0.2576931,9.0,55.8,-0.0363,Adventure,550500161
201108,0.033086963,-0.6814933,9.0,59.5,-0.0363,Adventure,215296561
201110,-0.024718314,1.2926764,8.8,63.7,-0.0247,Adventure,178063492
201111,-0.010155428,-0.06070458,8.6,69.9,-0.0247,Adventure,272959364
201112,-0.029571304,0.102393165,8.5,75.0,-0.0247,Adventure,210709409
201101,0.057188723,0.27174687,9.1,77.5,-0.052,Comedy,49705219
201102,0.05913669,0.38347876,9.0,67.5,-0.052,Comedy,190240670
201103,0.11704174,-0.012567758,9.0,69.8,-0.052,Comedy,46033619
201104,0.077226326,0.34194458,9.1,74.3,-0.0554,Comedy,118544019
201105,0.056462876,-0.16201143,9.0,71.5,-0.0554,Comedy,424743538
201106,-0.012852958,-0.21908954,9.1,63.7,-0.0554,Comedy,105541740
201107,0.010648336,-0.2576931,9.0,55.8,-0.0363,Comedy,216558969
201108,0.033086963,-0.6814933,9.0,59.5,-0.0363,Comedy,99517589
201109,0.018213218,-0.8611439,9.0,60.8,-0.0363,Comedy,13865479
201110,-0.024718314,1.2926764,8.8,63.7,-0.0247,Comedy,7354654
201111,-0.010155428,-0.06070458,8.6,69.9,-0.0247,Comedy,188334425
201112,-0.029571304,0.102393165,8.5,75.0,-0.0247,Comedy,47015341
201101,0.057188723,0.27174687,9.1,77.5,-0.052,Drama,18281845
201102,0.05913669,0.38347876,9.0,67.5,-0.052,Drama,8565093
201103,0.11704174,-0.012567758,9.0,69.8,-0.052,Drama,54012064
201104,0.077226326,0.34194458,9.1,74.3,-0.0554,Drama,122768073
201105,0.056462876,-0.16201143,9.0,71.5,-0.0554,Drama,18573782
201106,-0.012852958,-0.21908954,9.1,63.7,-0.0554,Drama,10302131
201107,0.010648336,-0.2576931,9.0,55.8,-0.0363,Drama,16099289
201108,0.033086963,-0.6814933,9.0,59.5,-0.0363,Drama,188380227
201109,0.018213218,-0.8611439,9.0,60.8,-0.0363,Drama,205521267
201110,-0.024718314,1.2926764,8.8,63.7,-0.0247,Drama,76795984
201111,-0.010155428,-0.06070458,8.6,69.9,-0.0247,Drama,467666198
201112,-0.029571304,0.102393165,8.5,75.0,-0.0247,Drama,205289124
201101,0.057188723,0.27174687,9.1,77.5,-0.052,Horror,66095266
201102,0.05913669,0.38347876,9.0,67.5,-0.052,Horror,3632
201103,0.11704174,-0.012567758,9.0,69.8,-0.052,Horror,93908
201104,0.077226326,0.34194458,9.1,74.3,-0.0554,Horror,186819722
201105,0.056462876,-0.16201143,9.0,71.5,-0.0554,Horror,58273252
201106,-0.012852958,-0.21908954,9.1,63.7,-0.0554,Horror,506888
201107,0.010648336,-0.2576931,9.0,55.8,-0.0363,Horror,15520
201108,0.033086963,-0.6814933,9.0,59.5,-0.0363,Horror,170009616
201109,0.018213218,-0.8611439,9.0,60.8,-0.0363,Horror,83544138
201110,-0.024718314,1.2926764,8.8,63.7,-0.0247,Horror,242930316
201111,-0.010155428,-0.06070458,8.6,69.9,-0.0247,Horror,76200
201101,0.057188723,0.27174687,9.1,77.5,-0.052,Thriller/Suspense,24990783
201102,0.05913669,0.38347876,9.0,67.5,-0.052,Thriller/Suspense,101167710
201103,0.11704174,-0.012567758,9.0,69.8,-0.052,Thriller/Suspense,237545672
201104,0.077226326,0.34194458,9.1,74.3,-0.0554,Thriller/Suspense,96509311
201105,0.056462876,-0.16201143,9.0,71.5,-0.0554,Thriller/Suspense,43753
201106,-0.012852958,-0.21908954,9.1,63.7,-0.0554,Thriller/Suspense,127106232
201107,0.010648336,-0.2576931,9.0,55.8,-0.0363,Thriller/Suspense,768222
201108,0.033086963,-0.6814933,9.0,59.5,-0.0363,Thriller/Suspense,67953909
201109,0.018213218,-0.8611439,9.0,60.8,-0.0363,Thriller/Suspense,133054963
201110,-0.024718314,1.2926764,8.8,63.7,-0.0247,Thriller/Suspense,45162824
201111,-0.010155428,-0.06070458,8.6,69.9,-0.0247,Thriller/Suspense,3030848
201112,-0.029571304,0.102393165,8.5,75.0,-0.0247,Thriller/Suspense,126665186
201201,0.052791808,0.5229967,8.3,75.3,0.0013,Action,180901571
201202,0.052825674,0.48707357,8.3,76.2,0.0013,Action,121791785
201203,0.09114677,0.37598777,8.2,76.4,0.0013,Action,4557180
201204,0.03623626,-0.089969434,8.2,79.3,0.0263,Action,17142080
201205,-0.014085243,-0.7518087,8.2,73.2,0.0263,Action,688591310
201206,-0.017570592,0.4746598,8.2,72.3,0.0263,Action,5678410
201207,-0.019568965,0.1511709,8.2,74.3,0.0353,Action,448139099
201208,0.066776045,0.23716043,8.1,78.3,0.0353,Action,144211560
201209,0.053539056,0.29083383,7.8,82.6,0.0353,Action,80404168
201210,-0.004656718,-0.23747292,7.8,82.7,0.0485,Action,755552
201211,-0.05687212,0.034160603,7.7,72.9,0.0485,Action,364817910
201201,0.052791808,0.5229967,8.3,75.3,0.0013,Adventure,178000
201202,0.052825674,0.48707357,8.3,76.2,0.0013,Adventure,123340509
201203,0.09114677,0.37598777,8.2,76.4,0.0013,Adventure,435694429
201204,0.03623626,-0.089969434,8.2,79.3,0.0263,Adventure,31051126
201205,-0.014085243,-0.7518087,8.2,73.2,0.0263,Adventure,179020854
201206,-0.017570592,0.4746598,8.2,72.3,0.0263,Adventure,608810419
201207,-0.019568965,0.1511709,8.2,74.3,0.0353,Adventure,423352506
201208,0.066776045,0.23716043,8.1,78.3,0.0353,Adventure,106077620
201209,0.053539056,0.29083383,7.8,82.6,0.0353,Adventure,148377966
201210,-0.004656718,-0.23747292,7.8,82.7,0.0485,Adventure,35333390
201211,-0.05687212,0.034160603,7.7,72.9,0.0485,Adventure,292825435
201212,-0.032312557,0.084818766,7.9,73.8,0.0485,Adventure,380275165
201201,0.052791808,0.5229967,8.3,75.3,0.0013,Comedy,26436130
201202,0.052825674,0.48707357,8.3,76.2,0.0013,Comedy,21512077
201203,0.09114677,0.37598777,8.2,76.4,0.0013,Comedy,222615127
201204,0.03623626,-0.089969434,8.2,79.3,0.0263,Comedy,104589981
201205,-0.014085243,-0.7518087,8.2,73.2,0.0263,Comedy,119348052
201206,-0.017570592,0.4746598,8.2,72.3,0.0263,Comedy,448213709
201207,-0.019568965,0.1511709,8.2,74.3,0.0353,Comedy,34466000
201208,0.066776045,0.23716043,8.1,78.3,0.0353,Comedy,102385534
201209,0.053539056,0.29083383,7.8,82.6,0.0353,Comedy,66090077
201210,-0.004656718,-0.23747292,7.8,82.7,0.0485,Comedy,70242914
201211,-0.05687212,0.034160603,7.7,72.9,0.0485,Comedy,198174
201212,-0.032312557,0.084818766,7.9,73.8,0.0485,Comedy,107185144
201201,0.052791808,0.5229967,8.3,75.3,0.0013,Drama,32933000
201202,0.052825674,0.48707357,8.3,76.2,0.0013,Drama,189075443
201203,0.09114677,0.37598777,8.2,76.4,0.0013,Drama,20008304
201204,0.03623626,-0.089969434,8.2,79.3,0.0263,Drama,62622067
201205,-0.014085243,-0.7518087,8.2,73.2,0.0263,Drama,51112513
201206,-0.017570592,0.4746598,8.2,72.3,0.0263,Drama,29011047
201207,-0.019568965,0.1511709,8.2,74.3,0.0353,Drama,36918165
201208,0.066776045,0.23716043,8.1,78.3,0.0353,Drama,120375067
201209,0.053539056,0.29083383,7.8,82.6,0.0353,Drama,95191397
201210,-0.004656718,-0.23747292,7.8,82.7,0.0485,Drama,45516562
201211,-0.05687212,0.034160603,7.7,72.9,0.0485,Drama,857000362
201212,-0.032312557,0.084818766,7.9,73.8,0.0485,Drama,45516865
201201,0.052791808,0.5229967,8.3,75.3,0.0013,Horror,106525890
201202,0.052825674,0.48707357,8.3,76.2,0.0013,Horror,108930334
201203,0.09114677,0.37598777,8.2,76.4,0.0013,Horror,25936968
201204,0.03623626,-0.089969434,8.2,79.3,0.0263,Horror,325004
201205,-0.014085243,-0.7518087,8.2,73.2,0.0263,Horror,36424232
201206,-0.017570592,0.4746598,8.2,72.3,0.0263,Horror,76072890
201208,0.066776045,0.23716043,8.1,78.3,0.0353,Horror,108326680
201209,0.053539056,0.29083383,7.8,82.6,0.0353,Horror,148207724
201210,-0.004656718,-0.23747292,7.8,82.7,0.0485,Horror,239239348
201211,-0.05687212,0.034160603,7.7,72.9,0.0485,Horror,13738734
201201,0.052791808,0.5229967,8.3,75.3,0.0013,Thriller/Suspense,89170132
201202,0.052825674,0.48707357,8.3,76.2,0.0013,Thriller/Suspense,202509536
201203,0.09114677,0.37598777,8.2,76.4,0.0013,Thriller/Suspense,408722230
201204,0.03623626,-0.089969434,8.2,79.3,0.0263,Thriller/Suspense,74041842
201205,-0.014085243,-0.7518087,8.2,73.2,0.0263,Thriller/Suspense,414937
201206,-0.017570592,0.4746598,8.2,72.3,0.0263,Thriller/Suspense,126585005
201207,-0.019568965,0.1511709,8.2,74.3,0.0353,Thriller/Suspense,50024079
201208,0.066776045,0.23716043,8.1,78.3,0.0353,Thriller/Suspense,136924058
201209,0.053539056,0.29083383,7.8,82.6,0.0353,Thriller/Suspense,53041414
201210,-0.004656718,-0.23747292,7.8,82.7,0.0485,Thriller/Suspense,302514991
201211,-0.05687212,0.034160603,7.7,72.9,0.0485,Thriller/Suspense,14945541
201212,-0.032312557,0.084818766,7.9,73.8,0.0485,Thriller/Suspense,175866221
201301,0.035522886,0.60513717,8.0,77.6,0.0656,Action,115334617
201302,0.098269396,0.13272779,7.7,78.6,0.0656,Action,76859256
201303,0.031351596,0.43185267,7.5,76.4,0.0656,Action,122820285
201304,-0.012442563,0.21702921,7.6,84.5,0.0702,Action,50088374
201305,0.02131041,0.24915375,7.5,84.1,0.0702,Action,708737001
201306,0.028804898,-0.17999162,7.5,85.1,0.0702,Action,493422415
201307,0.004769305,0.59354496,7.3,82.1,0.074,Action,321249875
201308,0.014439422,-0.37557623,7.2,77.5,0.074,Action,204053521
201309,0.013925346,0.35699427,7.2,73.2,0.074,Action,42063019
201310,-0.030880831,0.53514904,7.2,75.1,0.069,Action,8008161
201311,-0.024528267,0.33659366,6.9,82.5,0.069,Action,228714290
201312,-0.001048454,0.2827535,6.7,81.2,0.069,Action,171490031
201302,0.098269396,0.13272779,7.7,78.6,0.0656,Adventure,57012977
201303,0.031351596,0.43185267,7.5,76.4,0.0656,Adventure,487969218
201305,0.02131041,0.24915375,7.5,84.1,0.0702,Adventure,336297343
201306,0.028804898,-0.17999162,7.5,85.1,0.0702,Adventure,268488329
201307,0.004769305,0.59354496,7.3,82.1,0.074,Adventure,522111299
201308,0.014439422,-0.37557623,7.2,77.5,0.074,Adventure,190010152
201309,0.013925346,0.35699427,7.2,73.2,0.074,Adventure,119912093
201311,-0.024528267,0.33659366,6.9,82.5,0.069,Adventure,543843942
201312,-0.001048454,0.2827535,6.7,81.2,0.069,Adventure,352744959
201301,0.035522886,0.60513717,8.0,77.6,0.0656,Comedy,132818960
201302,0.098269396,0.13272779,7.7,78.6,0.0656,Comedy,201113265
201303,0.031351596,0.43185267,7.5,76.4,0.0656,Comedy,49252006
201304,-0.012442563,0.21702921,7.6,84.5,0.0702,Comedy,32713815
201305,0.02131041,0.24915375,7.5,84.1,0.0702,Comedy,127242774
201306,0.028804898,-0.17999162,7.5,85.1,0.0702,Comedy,309240616
201307,0.004769305,0.59354496,7.3,82.1,0.074,Comedy,193839351
201308,0.014439422,-0.37557623,7.2,77.5,0.074,Comedy,224357490
201309,0.013925346,0.35699427,7.2,73.2,0.074,Comedy,18675494
201310,-0.030880831,0.53514904,7.2,75.1,0.069,Comedy,102183877
201311,-0.024528267,0.33659366,6.9,82.5,0.069,Comedy,101206650
201312,-0.001048454,0.2827535,6.7,81.2,0.069,Comedy,210150375
201301,0.035522886,0.60513717,8.0,77.6,0.0656,Drama,7884247
201302,0.098269396,0.13272779,7.7,78.6,0.0656,Drama,82362015
201303,0.031351596,0.43185267,7.5,76.4,0.0656,Drama,84738249
201304,-0.012442563,0.21702921,7.6,84.5,0.0702,Drama,128232251
201305,0.02131041,0.24915375,7.5,84.1,0.0702,Drama,162879861
201306,0.028804898,-0.17999162,7.5,85.1,0.0702,Drama,9022375
201307,0.004769305,0.59354496,7.3,82.1,0.074,Drama,16141458
201308,0.014439422,-0.37557623,7.2,77.5,0.074,Drama,143120781
201309,0.013925346,0.35699427,7.2,73.2,0.074,Drama,39345342
201310,-0.030880831,0.53514904,7.2,75.1,0.069,Drama,178838449
201311,-0.024528267,0.33659366,6.9,82.5,0.069,Drama,116596322
201312,-0.001048454,0.2827535,6.7,81.2,0.069,Drama,111222206
201301,0.035522886,0.60513717,8.0,77.6,0.0656,Horror,211940394
201302,0.098269396,0.13272779,7.7,78.6,0.0656,Horror,34837334
201303,0.031351596,0.43185267,7.5,76.4,0.0656,Horror,30363882
201304,-0.012442563,0.21702921,7.6,84.5,0.0702,Horror,110894548
201305,0.02131041,0.24915375,7.5,84.1,0.0702,Horror,870088
201306,0.028804898,-0.17999162,7.5,85.1,0.0702,Horror,129009512
201307,0.004769305,0.59354496,7.3,82.1,0.074,Horror,274843948
201308,0.014439422,-0.37557623,7.2,77.5,0.074,Horror,36988012
201309,0.013925346,0.35699427,7.2,73.2,0.074,Horror,167174514
201310,-0.030880831,0.53514904,7.2,75.1,0.069,Horror,70562604
201311,-0.024528267,0.33659366,6.9,82.5,0.069,Horror,6656
201312,-0.001048454,0.2827535,6.7,81.2,0.069,Horror,11408
201301,0.035522886,0.60513717,8.0,77.6,0.0656,Thriller/Suspense,37325574
201302,0.098269396,0.13272779,7.7,78.6,0.0656,Thriller/Suspense,94571363
201303,0.031351596,0.43185267,7.5,76.4,0.0656,Thriller/Suspense,204042880
201304,-0.012442563,0.21702921,7.6,84.5,0.0702,Thriller/Suspense,96714290
201305,0.02131041,0.24915375,7.5,84.1,0.0702,Thriller/Suspense,117723989
201306,0.028804898,-0.17999162,7.5,85.1,0.0702,Thriller/Suspense,73683631
201307,0.004769305,0.59354496,7.3,82.1,0.074,Thriller/Suspense,904044
201308,0.014439422,-0.37557623,7.2,77.5,0.074,Thriller/Suspense,23912671
201309,0.013925346,0.35699427,7.2,73.2,0.074,Thriller/Suspense,61392512
201310,-0.030880831,0.53514904,7.2,75.1,0.069,Thriller/Suspense,343957953
201311,-0.024528267,0.33659366,6.9,82.5,0.069,Thriller/Suspense,70495
201312,-0.001048454,0.2827535,6.7,81.2,0.069,Thriller/Suspense,24084
201401,0.044692095,-0.42699486,6.6,81.6,0.0604,Action,70847299
201402,0.044355012,0.5174044,6.7,80.0,0.0604,Action,150351901
201403,0.07729276,0.083185986,6.7,84.1,0.0604,Action,163344441
201404,0.039534915,0.07440947,6.2,81.9,0.0485,Action,280726959
201405,0.041905932,0.25236335,6.3,82.5,0.0485,Action,637453999
201406,0.02236186,0.22869998,6.1,81.8,0.0485,Action,346269213
201407,-0.004689273,-0.18095797,6.2,82.5,0.0435,Action,129046655
201408,-0.020059101,0.45186356,6.1,84.6,0.0435,Action,390972887
201409,0.009044236,-0.18616605,5.9,86.9,0.0435,Action,230531918
201410,-0.030158406,0.27841753,5.7,88.8,0.0465,Action,101632833
201411,-0.06480486,0.29440308,5.8,93.6,0.0465,Action,28534
201401,0.044692095,-0.42699486,6.6,81.6,0.0604,Adventure,83100076
201402,0.044355012,0.5174044,6.7,80.0,0.0604,Adventure,257784718
201403,0.07729276,0.083185986,6.7,84.1,0.0604,Adventure,313664661
201404,0.039534915,0.07440947,6.2,81.9,0.0485,Adventure,131642063
201405,0.041905932,0.25236335,6.3,82.5,0.0485,Adventure,260299382
201406,0.02236186,0.22869998,6.1,81.8,0.0485,Adventure,177002924
201407,-0.004689273,-0.18095797,6.2,82.5,0.0435,Adventure,379326777
201408,-0.020059101,0.45186356,6.1,84.6,0.0435,Adventure,191214585
201409,0.009044236,-0.18616605,5.9,86.9,0.0435,Adventure,51174090
201410,-0.030158406,0.27841753,5.7,88.8,0.0465,Adventure,117137880
201411,-0.06480486,0.29440308,5.8,93.6,0.0465,Adventure,493922583
201412,-0.06800659,-0.050263055,5.6,98.1,0.0465,Adventure,369723933
201401,0.044692095,-0.42699486,6.6,81.6,0.0604,Comedy,134316096
201402,0.044355012,0.5174044,6.7,80.0,0.0604,Comedy,6148715
201403,0.07729276,0.083185986,6.7,84.1,0.0604,Comedy,82924997
201404,0.039534915,0.07440947,6.2,81.9,0.0485,Comedy,108279153
201405,0.041905932,0.25236335,6.3,82.5,0.0485,Comedy,185213500
201406,0.02236186,0.22869998,6.1,81.8,0.0485,Comedy,192356959
201407,-0.004689273,-0.18095797,6.2,82.5,0.0435,Comedy,143097515
201408,-0.020059101,0.45186356,6.1,84.6,0.0435,Comedy,140709436
201409,0.009044236,-0.18616605,5.9,86.9,0.0435,Comedy,38492837
201410,-0.030158406,0.27841753,5.7,88.8,0.0465,Comedy,51117387
201411,-0.06480486,0.29440308,5.8,93.6,0.0465,Comedy,88635992
201412,-0.06800659,-0.050263055,5.6,98.1,0.0465,Comedy,36369528
201401,0.044692095,-0.42699486,6.6,81.6,0.0604,Drama,43612640
201402,0.044355012,0.5174044,6.7,80.0,0.0604,Drama,217130011
201403,0.07729276,0.083185986,6.7,84.1,0.0604,Drama,176161555
201404,0.039534915,0.07440947,6.2,81.9,0.0485,Drama,130810451
201405,0.041905932,0.25236335,6.3,82.5,0.0485,Drama,54948373
201406,0.02236186,0.22869998,6.1,81.8,0.0485,Drama,146238767
201407,-0.004689273,-0.18095797,6.2,82.5,0.0435,Drama,28374410
201408,-0.020059101,0.45186356,6.1,84.6,0.0435,Drama,180636834
201409,0.009044236,-0.18616605,5.9,86.9,0.0435,Drama,65848380
201410,-0.030158406,0.27841753,5.7,88.8,0.0465,Drama,199360205
201411,-0.06480486,0.29440308,5.8,93.6,0.0465,Drama,157158110
201412,-0.06800659,-0.050263055,5.6,98.1,0.0465,Drama,640412099
201401,0.044692095,-0.42699486,6.6,81.6,0.0604,Horror,96567666
201402,0.044355012,0.5174044,6.7,80.0,0.0604,Horror,11420
201404,0.039534915,0.07440947,6.2,81.9,0.0485,Horror,73014872
201405,0.041905932,0.25236335,6.3,82.5,0.0485,Horror,14156
201406,0.02236186,0.22869998,6.1,81.8,0.0485,Horror,28184
201407,-0.004689273,-0.18095797,6.2,82.5,0.0435,Horror,61169732
201409,0.009044236,-0.18616605,5.9,86.9,0.0435,Horror,6001808
201410,-0.030158406,0.27841753,5.7,88.8,0.0465,Horror,270610248
201411,-0.06480486,0.29440308,5.8,93.6,0.0465,Horror,2995160
201412,-0.06800659,-0.050263055,5.6,98.1,0.0465,Horror,5512666
201401,0.044692095,-0.42699486,6.6,81.6,0.0604,Thriller/Suspense,51425
201402,0.044355012,0.5174044,6.7,80.0,0.0604,Thriller/Suspense,33004210
201403,0.07729276,0.083185986,6.7,84.1,0.0604,Thriller/Suspense,1218414
201404,0.039534915,0.07440947,6.2,81.9,0.0485,Thriller/Suspense,27490432
201405,0.041905932,0.25236335,6.3,82.5,0.0485,Thriller/Suspense,694978
201406,0.02236186,0.22869998,6.1,81.8,0.0485,Thriller/Suspense,5936786
201407,-0.004689273,-0.18095797,6.2,82.5,0.0435,Thriller/Suspense,88803529
201408,-0.020059101,0.45186356,6.1,84.6,0.0435,Thriller/Suspense,93849810
201409,0.009044236,-0.18616605,5.9,86.9,0.0435,Thriller/Suspense,54742526
201410,-0.030158406,0.27841753,5.7,88.8,0.0465,Thriller/Suspense,220130214
201411,-0.06480486,0.29440308,5.8,93.6,0.0465,Thriller/Suspense,337135885
201412,-0.06800659,-0.050263055,5.6,98.1,0.0465,Thriller/Suspense,6871
201501,-0.056469142,-0.37248966,5.7,95.4,0.0478,Action,97221953
201502,0.052090965,0.6587101,5.5,93.0,0.0478,Action,176395266
201503,0.071407236,-0.20875329,5.4,95.9,0.0478,Action,188211984
201504,0.024430728,0.10224984,5.4,90.7,0.0519,Action,354377469
201505,0.06113897,0.12589659,5.6,96.1,0.0519,Action,612919893
201506,0.042080022,-0.25214007,5.3,93.1,0.0519,Action,652315582
201507,7.88971E-4,0.23690435,5.2,91.9,0.0536,Action,479953550
201508,-0.016986944,-0.7509698,5.1,87.2,0.0536,Action,134451865
201509,-0.018708766,-0.31731397,5.0,90.0,0.0536,Action,98078729
201510,-0.005370544,0.9957974,5.0,91.3,0.0548,Action,28844519
201511,-0.025365707,0.006058431,5.1,92.6,0.0548,Action,200175378
201512,-0.04098167,-0.21036223,5.0,92.0,0.0548,Action,30197177
201501,-0.056469142,-0.37248966,5.7,95.4,0.0478,Adventure,111224366
201502,0.052090965,0.6587101,5.5,93.0,0.0478,Adventure,182376104
201503,0.071407236,-0.20875329,5.4,95.9,0.0478,Adventure,177397510
201504,0.024430728,0.10224984,5.4,90.7,0.0519,Adventure,71091594
201505,0.06113897,0.12589659,5.6,96.1,0.0519,Adventure,248627154
201506,0.042080022,-0.25214007,5.3,93.1,0.0519,Adventure,399118550
201507,7.88971E-4,0.23690435,5.2,91.9,0.0536,Adventure,414988603
201508,-0.016986944,-0.7509698,5.1,87.2,0.0536,Adventure,19716518
201509,-0.018708766,-0.31731397,5.0,90.0,0.0536,Adventure,251975208
201510,-0.005370544,0.9957974,5.0,91.3,0.0548,Adventure,35263572
201511,-0.025365707,0.006058431,5.1,92.6,0.0548,Adventure,253548555
201512,-0.04098167,-0.21036223,5.0,92.0,0.0548,Adventure,1233277870
201501,-0.056469142,-0.37248966,5.7,95.4,0.0478,Comedy,64558438
201502,0.052090965,0.6587101,5.5,93.0,0.0478,Comedy,106814204
201503,0.071407236,-0.20875329,5.4,95.9,0.0478,Comedy,147064960
201504,0.024430728,0.10224984,5.4,90.7,0.0519,Comedy,120816
201505,0.06113897,0.12589659,5.6,96.1,0.0519,Comedy,223436387
201506,0.042080022,-0.25214007,5.3,93.1,0.0519,Comedy,227716702
201507,7.88971E-4,0.23690435,5.2,91.9,0.0536,Comedy,240148150
201508,-0.016986944,-0.7509698,5.1,87.2,0.0536,Comedy,9973815
201509,-0.018708766,-0.31731397,5.0,90.0,0.0536,Comedy,78459949
201510,-0.005370544,0.9957974,5.0,91.3,0.0548,Comedy,24021468
201511,-0.025365707,0.006058431,5.1,92.6,0.0548,Comedy,72571736
201512,-0.04098167,-0.21036223,5.0,92.0,0.0548,Comedy,241422949
201501,-0.056469142,-0.37248966,5.7,95.4,0.0478,Drama,104925391
201502,0.052090965,0.6587101,5.5,93.0,0.0478,Drama,215005985
201503,0.071407236,-0.20875329,5.4,95.9,0.0478,Drama,215895949
201504,0.024430728,0.10224984,5.4,90.7,0.0519,Drama,133314990
201505,0.06113897,0.12589659,5.6,96.1,0.0519,Drama,41032148
201506,0.042080022,-0.25214007,5.3,93.1,0.0519,Drama,27914498
201507,7.88971E-4,0.23690435,5.2,91.9,0.0536,Drama,108244531
201508,-0.016986944,-0.7509698,5.1,87.2,0.0536,Drama,264547929
201509,-0.018708766,-0.31731397,5.0,90.0,0.0536,Drama,86106137
201510,-0.005370544,0.9957974,5.0,91.3,0.0548,Drama,61248478
201511,-0.025365707,0.006058431,5.1,92.6,0.0548,Drama,245815637
201512,-0.04098167,-0.21036223,5.0,92.0,0.0548,Drama,182470995
201501,-0.056469142,-0.37248966,5.7,95.4,0.0478,Horror,53004320
201502,0.052090965,0.6587101,5.5,93.0,0.0478,Horror,51603140
201503,0.071407236,-0.20875329,5.4,95.9,0.0478,Horror,29453236
201504,0.024430728,0.10224984,5.4,90.7,0.0519,Horror,65579290
201505,0.06113897,0.12589659,5.6,96.1,0.0519,Horror,94879374
201506,0.042080022,-0.25214007,5.3,93.1,0.0519,Horror,104493678
201507,7.88971E-4,0.23690435,5.2,91.9,0.0536,Horror,49098346
201508,-0.016986944,-0.7509698,5.1,87.2,0.0536,Horror,55485388
201509,-0.018708766,-0.31731397,5.0,90.0,0.0536,Horror,147153184
201510,-0.005370544,0.9957974,5.0,91.3,0.0548,Horror,258913804
201511,-0.025365707,0.006058431,5.1,92.6,0.0548,Horror,17934
201512,-0.04098167,-0.21036223,5.0,92.0,0.0548,Horror,85450950
201501,-0.056469142,-0.37248966,5.7,95.4,0.0478,Thriller/Suspense,51186288
201502,0.052090965,0.6587101,5.5,93.0,0.0478,Thriller/Suspense,1680013
201503,0.071407236,-0.20875329,5.4,95.9,0.0478,Thriller/Suspense,11115740
201504,0.024430728,0.10224984,5.4,90.7,0.0519,Thriller/Suspense,27207904
201505,0.06113897,0.12589659,5.6,96.1,0.0519,Thriller/Suspense,306380
201506,0.042080022,-0.25214007,5.3,93.1,0.0519,Thriller/Suspense,203243
201507,7.88971E-4,0.23690435,5.2,91.9,0.0536,Thriller/Suspense,12317821
201508,-0.016986944,-0.7509698,5.1,87.2,0.0536,Thriller/Suspense,73448676
201509,-0.018708766,-0.31731397,5.0,90.0,0.0536,Thriller/Suspense,103916728
201510,-0.005370544,0.9957974,5.0,91.3,0.0548,Thriller/Suspense,304541833
201511,-0.025365707,0.006058431,5.1,92.6,0.0548,Thriller/Suspense,309602263
201512,-0.04098167,-0.21036223,5.0,92.0,0.0548,Thriller/Suspense,21576
201601,0.019832779,-0.60882384,4.8,91.7,0.0545,Action,38234946
201602,0.009857756,-0.049540326,4.9,91.0,0.0545,Action,363780691
201603,0.05171496,0.79189336,5.0,89.0,0.0545,Action,396721649
201604,0.05685936,0.03239278,5.1,94.7,0.0558,Action,72022438
201605,0.048554596,0.18389523,4.8,93.5,0.0558,Action,563933694
201606,0.039404184,0.010931053,4.9,90.0,0.0558,Action,150640022
201607,-0.019379985,0.42731762,4.8,89.8,0.0583,Action,177095114
201608,0.010987547,-0.014630918,4.9,91.2,0.0583,Action,349224647
201609,0.028840875,-0.01481341,5.0,87.2,0.0583,Action,1367212
201610,0.0149832,-0.23310815,4.9,93.8,0.0597,Action,65060364
201611,-0.018676642,0.41009426,4.7,98.2,0.0597,Action,232693039
201612,0.003950284,0.21840915,4.7,98.5,0.0597,Action,67193612
201601,0.019832779,-0.60882384,4.8,91.7,0.0545,Adventure,160644439
201602,0.009857756,-0.049540326,4.9,91.0,0.0545,Adventure,32572630
201603,0.05171496,0.79189336,5.0,89.0,0.0545,Adventure,342054379
201604,0.05685936,0.03239278,5.1,94.7,0.0558,Adventure,372814533
201605,0.048554596,0.18389523,4.8,93.5,0.0558,Adventure,184551747
201606,0.039404184,0.010931053,4.9,90.0,0.0558,Adventure,568347162
201607,-0.019379985,0.42731762,4.8,89.8,0.0583,Adventure,773456870
201608,0.010987547,-0.014630918,4.9,91.2,0.0583,Adventure,144226251
201609,0.028840875,-0.01481341,5.0,87.2,0.0583,Adventure,168077889
201610,0.0149832,-0.23310815,4.9,93.8,0.0597,Adventure,21736375
201611,-0.018676642,0.41009426,4.7,98.2,0.0597,Adventure,388445362
201612,0.003950284,0.21840915,4.7,98.5,0.0597,Adventure,802506369
201601,0.019832779,-0.60882384,4.8,91.7,0.0545,Comedy,139547799
201602,0.009857756,-0.049540326,4.9,91.0,0.0545,Comedy,60115096
201603,0.05171496,0.79189336,5.0,89.0,0.0545,Comedy,95997220
201604,0.05685936,0.03239278,5.1,94.7,0.0558,Comedy,156089084
201605,0.048554596,0.18389523,4.8,93.5,0.0558,Comedy,58952801
201606,0.039404184,0.010931053,4.9,90.0,0.0558,Comedy,143339964
201607,-0.019379985,0.42731762,4.8,89.8,0.0583,Comedy,296940772
201608,0.010987547,-0.014630918,4.9,91.2,0.0583,Comedy,97722576
201609,0.028840875,-0.01481341,5.0,87.2,0.0583,Comedy,32575540
201610,0.0149832,-0.23310815,4.9,93.8,0.0597,Comedy,90649780
201611,-0.018676642,0.41009426,4.7,98.2,0.0597,Comedy,18020314
201612,0.003950284,0.21840915,4.7,98.5,0.0597,Comedy,118845475
201601,0.019832779,-0.60882384,4.8,91.7,0.0545,Drama,10743973
201602,0.009857756,-0.049540326,4.9,91.0,0.0545,Drama,94756611
201603,0.05171496,0.79189336,5.0,89.0,0.0545,Drama,90818131
201604,0.05685936,0.03239278,5.1,94.7,0.0558,Drama,37014118
201605,0.048554596,0.18389523,4.8,93.5,0.0558,Drama,16843048
201606,0.039404184,0.010931053,4.9,90.0,0.0558,Drama,138272469
201607,-0.019379985,0.42731762,4.8,89.8,0.0583,Drama,23844360
201608,0.010987547,-0.014630918,4.9,91.2,0.0583,Drama,71557245
201609,0.028840875,-0.01481341,5.0,87.2,0.0583,Drama,179172176
201610,0.0149832,-0.23310815,4.9,93.8,0.0597,Drama,56930643
201611,-0.018676642,0.41009426,4.7,98.2,0.0597,Drama,387086134
201612,0.003950284,0.21840915,4.7,98.5,0.0597,Drama,299328888
201601,0.019832779,-0.60882384,4.8,91.7,0.0545,Horror,71639112
201602,0.009857756,-0.049540326,4.9,91.0,0.0545,Horror,50687506
201603,0.05171496,0.79189336,5.0,89.0,0.0545,Horror,6000684
201604,0.05685936,0.03239278,5.1,94.7,0.0558,Horror,6477380
201605,0.048554596,0.18389523,4.8,93.5,0.0558,Horror,21507148
201606,0.039404184,0.010931053,4.9,90.0,0.0558,Horror,207716278
201607,-0.019379985,0.42731762,4.8,89.8,0.0583,Horror,296882590
201608,0.010987547,-0.014630918,4.9,91.2,0.0583,Horror,178435750
201609,0.028840875,-0.01481341,5.0,87.2,0.0583,Horror,46609134
201610,0.0149832,-0.23310815,4.9,93.8,0.0597,Horror,71906418
201611,-0.018676642,0.41009426,4.7,98.2,0.0597,Horror,120136
201612,0.003950284,0.21840915,4.7,98.5,0.0597,Horror,9664706
201601,0.019832779,-0.60882384,4.8,91.7,0.0545,Thriller/Suspense,107722530
201602,0.009857756,-0.049540326,4.9,91.0,0.0545,Thriller/Suspense,12639297
201603,0.05171496,0.79189336,5.0,89.0,0.0545,Thriller/Suspense,153311855
201604,0.05685936,0.03239278,5.1,94.7,0.0558,Thriller/Suspense,2794755
201605,0.048554596,0.18389523,4.8,93.5,0.0558,Thriller/Suspense,41836048
201606,0.039404184,0.010931053,4.9,90.0,0.0558,Thriller/Suspense,66354442
201607,-0.019379985,0.42731762,4.8,89.8,0.0583,Thriller/Suspense,57173591
201608,0.010987547,-0.014630918,4.9,91.2,0.0583,Thriller/Suspense,3027996
201609,0.028840875,-0.01481341,5.0,87.2,0.0583,Thriller/Suspense,95324899
201610,0.0149832,-0.23310815,4.9,93.8,0.0597,Thriller/Suspense,198050323
201611,-0.018676642,0.41009426,4.7,98.2,0.0597,Thriller/Suspense,17593640
201612,0.003950284,0.21840915,4.7,98.5,0.0597,Thriller/Suspense,132621956
201701,0.069936834,0.2146123,4.7,96.3,0.0596,Action,79280338
201702,0.03774337,0.44637793,4.6,96.9,0.0596,Action,140833571
201703,0.009751592,-0.004670366,4.4,97.0,0.0596,Action,371012708
201704,0.035589878,0.1090945,4.5,97.1,0.0635,Action,259055210
201705,0.010222721,0.13891502,4.4,95.0,0.0635,Action,391547510
201706,0.010885133,0.0577653,4.3,93.4,0.0635,Action,542894557
201707,-0.008275016,0.23218592,4.3,96.8,0.0642,Action,673935631
201708,0.035954062,0.006557194,4.4,95.1,0.0642,Action,83341393
201709,0.06351891,0.23163575,4.2,100.7,0.0642,Action,154991260
201710,-0.007563308,0.2662576,4.1,98.5,0.0633,Action,68093667
201711,3.0857E-4,0.33699152,4.2,95.9,0.0633,Action,544351500
201712,-0.007064441,0.117979564,4.1,95.7,0.0633,Action,7633149
201701,0.069936834,0.2146123,4.7,96.3,0.0596,Adventure,34290223
201702,0.03774337,0.44637793,4.6,96.9,0.0596,Adventure,185480698
201703,0.009751592,-0.004670366,4.4,97.0,0.0596,Adventure,343111053
201704,0.035589878,0.1090945,4.5,97.1,0.0635,Adventure,45285623
201705,0.010222721,0.13891502,4.4,95.0,0.0635,Adventure,232472666
201706,0.010885133,0.0577653,4.3,93.4,0.0635,Adventure,572477598
201707,-0.008275016,0.23218592,4.3,96.8,0.0642,Adventure,127452410
201708,0.035954062,0.006557194,4.4,95.1,0.0642,Adventure,50228592
201709,0.06351891,0.23163575,4.2,100.7,0.0642,Adventure,59281555
201710,-0.007563308,0.2662576,4.1,98.5,0.0633,Adventure,21885107
201711,3.0857E-4,0.33699152,4.2,95.9,0.0633,Adventure,46524105
201712,-0.007064441,0.117979564,4.1,95.7,0.0633,Adventure,1109108443
201701,0.069936834,0.2146123,4.7,96.3,0.0596,Comedy,4492692
201702,0.03774337,0.44637793,4.6,96.9,0.0596,Comedy,33881035
201703,0.009751592,-0.004670366,4.4,97.0,0.0596,Comedy,7646755
201704,0.035589878,0.1090945,4.5,97.1,0.0635,Comedy,77582165
201705,0.010222721,0.13891502,4.4,95.0,0.0635,Comedy,104430947
201706,0.010885133,0.0577653,4.3,93.4,0.0635,Comedy,27398612
201707,-0.008275016,0.23218592,4.3,96.8,0.0642,Comedy,116565134
201708,0.035954062,0.006557194,4.4,95.1,0.0642,Comedy,30489177
201709,0.06351891,0.23163575,4.2,100.7,0.0642,Comedy,5121990
201710,-0.007563308,0.2662576,4.1,98.5,0.0633,Comedy,47319572
201711,3.0857E-4,0.33699152,4.2,95.9,0.0633,Comedy,177158872
201712,-0.007064441,0.117979564,4.1,95.7,0.0633,Comedy,175073477
201701,0.069936834,0.2146123,4.7,96.3,0.0596,Drama,90997391
201702,0.03774337,0.44637793,4.6,96.9,0.0596,Drama,127505619
201703,0.009751592,-0.004670366,4.4,97.0,0.0596,Drama,96459471
201704,0.035589878,0.1090945,4.5,97.1,0.0635,Drama,68702317
201705,0.010222721,0.13891502,4.4,95.0,0.0635,Drama,42849118
201706,0.010885133,0.0577653,4.3,93.4,0.0635,Drama,80737603
201707,-0.008275016,0.23218592,4.3,96.8,0.0642,Drama,21627667
201708,0.035954062,0.006557194,4.4,95.1,0.0642,Drama,31146422
201709,0.06351891,0.23163575,4.2,100.7,0.0642,Drama,54030991
201710,-0.007563308,0.2662576,4.1,98.5,0.0633,Drama,65528715
201711,3.0857E-4,0.33699152,4.2,95.9,0.0633,Drama,376096670
201712,-0.007064441,0.117979564,4.1,95.7,0.0633,Drama,200691231
201701,0.069936834,0.2146123,4.7,96.3,0.0596,Horror,330001654
201702,0.03774337,0.44637793,4.6,96.9,0.0596,Horror,407729188
201703,0.009751592,-0.004670366,4.4,97.0,0.0596,Horror,21404250
201704,0.035589878,0.1090945,4.5,97.1,0.0635,Horror,7564576
201705,0.010222721,0.13891502,4.4,95.0,0.0635,Horror,148547118
201706,0.010885133,0.0577653,4.3,93.4,0.0635,Horror,117039356
201707,-0.008275016,0.23218592,4.3,96.8,0.0642,Horror,28603010
201708,0.035954062,0.006557194,4.4,95.1,0.0642,Horror,204188902
201709,0.06351891,0.23163575,4.2,100.7,0.0642,Horror,662165812
201710,-0.007563308,0.2662576,4.1,98.5,0.0633,Horror,192105176
201712,-0.007064441,0.117979564,4.1,95.7,0.0633,Horror,77570
201701,0.069936834,0.2146123,4.7,96.3,0.0596,Thriller/Suspense,43186936
201702,0.03774337,0.44637793,4.6,96.9,0.0596,Thriller/Suspense,8541626
201703,0.009751592,-0.004670366,4.4,97.0,0.0596,Thriller/Suspense,32225652
201704,0.035589878,0.1090945,4.5,97.1,0.0635,Thriller/Suspense,32526447
201705,0.010222721,0.13891502,4.4,95.0,0.0635,Thriller/Suspense,1831724
201706,0.010885133,0.0577653,4.3,93.4,0.0635,Thriller/Suspense,108042761
201707,-0.008275016,0.23218592,4.3,96.8,0.0642,Thriller/Suspense,52207601
201708,0.035954062,0.006557194,4.4,95.1,0.0642,Thriller/Suspense,64818507
201709,0.06351891,0.23163575,4.2,100.7,0.0642,Thriller/Suspense,79048309
201710,-0.007563308,0.2662576,4.1,98.5,0.0633,Thriller/Suspense,129734298
201711,3.0857E-4,0.33699152,4.2,95.9,0.0633,Thriller/Suspense,309785
201712,-0.007064441,0.117979564,4.1,95.7,0.0633,Thriller/Suspense,25348241
201801,0.065356135,0.67414445,4.0,99.7,0.0694,Action,160267143
201802,0.054416236,-0.46736845,4.1,101.4,0.0694,Action,703774171
201803,0.027157692,-0.32261398,4.0,98.8,0.0694,Action,153555159
201804,0.047675487,0.032625303,4.0,98.0,0.0647,Action,785077575
201805,0.049933113,0.2593001,3.8,98.2,0.0647,Action,324690932
201806,0.01912301,0.05810923,4.0,97.9,0.0647,Action,630317491
201807,7.94862E-4,0.43225867,3.8,96.2,0.0617,Action,607575289
201808,0.006660502,0.36315852,3.8,100.1,0.0617,Action,188649313
201809,0.013933223,0.051531445,3.7,98.6,0.0617,Action,87201392
201810,0.021232648,-0.83284026,3.8,97.5,0.0569,Action,213511408
201811,-0.040235925,0.21431229,3.8,98.3,0.0569,Action,54080737
201812,-0.038273253,-1.1013228,3.9,91.2,0.0569,Action,356114976
201801,0.065356135,0.67414445,4.0,99.7,0.0694,Adventure,43757714
201802,0.054416236,-0.46736845,4.1,101.4,0.0694,Adventure,124853728
201803,0.027157692,-0.32261398,4.0,98.8,0.0694,Adventure,281411651
201804,0.047675487,0.032625303,4.0,98.0,0.0647,Adventure,3054285
201805,0.049933113,0.2593001,3.8,98.2,0.0647,Adventure,213887387
201806,0.01912301,0.05810923,4.0,97.9,0.0647,Adventure,608581744
201807,7.94862E-4,0.43225867,3.8,96.2,0.0617,Adventure,197290328
201808,0.006660502,0.36315852,3.8,100.1,0.0617,Adventure,135066421
201809,0.013933223,0.051531445,3.7,98.6,0.0617,Adventure,88669844
201810,0.021232648,-0.83284026,3.8,97.5,0.0569,Adventure,229423
201811,-0.040235925,0.21431229,3.8,98.3,0.0569,Adventure,687159417
201812,-0.038273253,-1.1013228,3.9,91.2,0.0569,Adventure,317471837
201801,0.065356135,0.67414445,4.0,99.7,0.0694,Comedy,405561
201802,0.054416236,-0.46736845,4.1,101.4,0.0694,Comedy,71187282
201803,0.027157692,-0.32261398,4.0,98.8,0.0694,Comedy,34115272
201804,0.047675487,0.032625303,4.0,98.0,0.0647,Comedy,139724492
201805,0.049933113,0.2593001,3.8,98.2,0.0647,Comedy,81625192
201806,0.01912301,0.05810923,4.0,97.9,0.0647,Comedy,102260179
201807,7.94862E-4,0.43225867,3.8,96.2,0.0617,Comedy,17515208
201808,0.006660502,0.36315852,3.8,100.1,0.0617,Comedy,34638533
201809,0.013933223,0.051531445,3.7,98.6,0.0617,Comedy,157183991
201810,0.021232648,-0.83284026,3.8,97.5,0.0569,Comedy,4493392
201811,-0.040235925,0.21431229,3.8,98.3,0.0569,Comedy,153113227
201812,-0.038273253,-1.1013228,3.9,91.2,0.0569,Comedy,69875858
201801,0.065356135,0.67414445,4.0,99.7,0.0694,Drama,75302657
201802,0.054416236,-0.46736845,4.1,101.4,0.0694,Drama,151537515
201803,0.027157692,-0.32261398,4.0,98.8,0.0694,Drama,167375716
201804,0.047675487,0.032625303,4.0,98.0,0.0647,Drama,20874359
201805,0.049933113,0.2593001,3.8,98.2,0.0647,Drama,4187763
201806,0.01912301,0.05810923,4.0,97.9,0.0647,Drama,54732335
201807,7.94862E-4,0.43225867,3.8,96.2,0.0617,Drama,22750666
201808,0.006660502,0.36315852,3.8,100.1,0.0617,Drama,46937488
201809,0.013933223,0.051531445,3.7,98.6,0.0617,Drama,47849001
201810,0.021232648,-0.83284026,3.8,97.5,0.0569,Drama,323793396
201811,-0.040235925,0.21431229,3.8,98.3,0.0569,Drama,376953297
201812,-0.038273253,-1.1013228,3.9,91.2,0.0569,Drama,187411222
201801,0.065356135,0.67414445,4.0,99.7,0.0694,Horror,135490660
201802,0.054416236,-0.46736845,4.1,101.4,0.0694,Horror,50839370
201803,0.027157692,-0.32261398,4.0,98.8,0.0694,Horror,48910610
201804,0.047675487,0.032625303,4.0,98.0,0.0647,Horror,376579474
201805,0.049933113,0.2593001,3.8,98.2,0.0647,Horror,76068
201806,0.01912301,0.05810923,4.0,97.9,0.0647,Horror,88138912
201807,7.94862E-4,0.43225867,3.8,96.2,0.0617,Horror,156842066
201808,0.006660502,0.36315852,3.8,100.1,0.0617,Horror,61129650
201809,0.013933223,0.051531445,3.7,98.6,0.0617,Horror,257115100
201810,0.021232648,-0.83284026,3.8,97.5,0.0569,Horror,417394396
201811,-0.040235925,0.21431229,3.8,98.3,0.0569,Horror,29672348
201801,0.065356135,0.67414445,4.0,99.7,0.0694,Thriller/Suspense,16920
201802,0.054416236,-0.46736845,4.1,101.4,0.0694,Thriller/Suspense,32739940
201803,0.027157692,-0.32261398,4.0,98.8,0.0694,Thriller/Suspense,107741591
201804,0.047675487,0.032625303,4.0,98.0,0.0647,Thriller/Suspense,70927802
201805,0.049933113,0.2593001,3.8,98.2,0.0647,Thriller/Suspense,53742101
201806,0.01912301,0.05810923,4.0,97.9,0.0647,Thriller/Suspense,21968443
201807,7.94862E-4,0.43225867,3.8,96.2,0.0617,Thriller/Suspense,89315
201808,0.006660502,0.36315852,3.8,100.1,0.0617,Thriller/Suspense,38804249
201809,0.013933223,0.051531445,3.7,98.6,0.0617,Thriller/Suspense,56869868
201810,0.021232648,-0.83284026,3.8,97.5,0.0569,Thriller/Suspense,35569350
201811,-0.040235925,0.21431229,3.8,98.3,0.0569,Thriller/Suspense,58544827
201812,-0.038273253,-1.1013228,3.9,91.2,0.0569,Thriller/Suspense,1824743
201901,0.022849277,0.9442128,4.0,93.8,0.0508,Action,36229819
201902,0.05072034,0.35674667,3.8,98.4,0.0508,Action,106824948
201903,0.06771755,0.21509108,3.8,97.2,0.0508,Action,428358887
201904,0.06350815,0.47176197,3.7,100.0,0.0517,Action,999004004
201905,0.02556737,-0.78933275,3.7,98.2,0.0517,Action,282042926
201906,0.002393311,0.82716197,3.6,98.4,0.0517,Action,76687807
201907,0.02001848,0.15753783,3.6,89.8,0.0506,Action,390989085
201908,-5.93309E-4,-0.21709953,3.7,93.2,0.0506,Action,177274429
201909,0.009415341,0.20617414,3.5,95.5,0.0506,Action,44819352
201910,0.027443781,0.24518125,3.6,96.8,0.0536,Action,74199854
201911,-0.006428891,0.40856445,3.6,99.3,0.0536,Action,136984775
201912,-0.010917841,0.34307784,3.6,99.8,0.0536,Action,5475937
201901,0.022849277,0.9442128,4.0,93.8,0.0508,Adventure,16973149
201902,0.05072034,0.35674667,3.8,98.4,0.0508,Adventure,270953675
201903,0.06771755,0.21509108,3.8,97.2,0.0508,Adventure,159983100
201904,0.06350815,0.47176197,3.7,100.0,0.0517,Adventure,18081938
201905,0.02556737,-0.78933275,3.7,98.2,0.0517,Adventure,519826111
201906,0.002393311,0.82716197,3.6,98.4,0.0517,Adventure,672914210
201907,0.02001848,0.15753783,3.6,89.8,0.0506,Adventure,543638043
201908,-5.93309E-4,-0.21709953,3.7,93.2,0.0506,Adventure,126766659
201909,0.009415341,0.20617414,3.5,95.5,0.0506,Adventure,63480017
201910,0.027443781,0.24518125,3.6,96.8,0.0536,Adventure,212276262
201911,-0.006428891,0.40856445,3.6,99.3,0.0536,Adventure,483174827
201912,-0.010917841,0.34307784,3.6,99.8,0.0536,Adventure,899905809
201901,0.022849277,0.9442128,4.0,93.8,0.0508,Comedy,109250004
201902,0.05072034,0.35674667,3.8,98.4,0.0508,Comedy,25126215
201903,0.06771755,0.21509108,3.8,97.2,0.0508,Comedy,86052816
201904,0.06350815,0.47176197,3.7,100.0,0.0517,Comedy,41421079
201905,0.02556737,-0.78933275,3.7,98.2,0.0517,Comedy,74801289
201906,0.002393311,0.82716197,3.6,98.4,0.0517,Comedy,37012306
201907,0.02001848,0.15753783,3.6,89.8,0.0506,Comedy,25033659
201908,-5.93309E-4,-0.21709953,3.7,93.2,0.0506,Comedy,92750006
201909,0.009415341,0.20617414,3.5,95.5,0.0506,Comedy,4990905
201910,0.027443781,0.24518125,3.6,96.8,0.0536,Comedy,84793079
201911,-0.006428891,0.40856445,3.6,99.3,0.0536,Comedy,44680798
201912,-0.010917841,0.34307784,3.6,99.8,0.0536,Comedy,1070470
201901,0.022849277,0.9442128,4.0,93.8,0.0508,Drama,42678415
201902,0.05072034,0.35674667,3.8,98.4,0.0508,Drama,12687590
201903,0.06771755,0.21509108,3.8,97.2,0.0508,Drama,82875966
201904,0.06350815,0.47176197,3.7,100.0,0.0517,Drama,60682971
201905,0.02556737,-0.78933275,3.7,98.2,0.0517,Drama,132799307
201906,0.002393311,0.82716197,3.6,98.4,0.0517,Drama,8790368
201907,0.02001848,0.15753783,3.6,89.8,0.0506,Drama,21385844
201908,-5.93309E-4,-0.21709953,3.7,93.2,0.0506,Drama,103947441
201909,0.009415341,0.20617414,3.5,95.5,0.0506,Drama,232253102
201910,0.027443781,0.24518125,3.6,96.8,0.0536,Drama,26332953
201911,-0.006428891,0.40856445,3.6,99.3,0.0536,Drama,457793606
201912,-0.010917841,0.34307784,3.6,99.8,0.0536,Drama,201689936
201901,0.022849277,0.9442128,4.0,93.8,0.0508,Horror,114001512
201902,0.05072034,0.35674667,3.8,98.4,0.0508,Horror,29786438
201903,0.06771755,0.21509108,3.8,97.2,0.0508,Horror,31700
201904,0.06350815,0.47176197,3.7,100.0,0.0517,Horror,262830396
201905,0.02556737,-0.78933275,3.7,98.2,0.0517,Horror,127875246
201906,0.002393311,0.82716197,3.6,98.4,0.0517,Horror,220454722
201907,0.02001848,0.15753783,3.6,89.8,0.0506,Horror,132881112
201908,-5.93309E-4,-0.21709953,3.7,93.2,0.0506,Horror,138288468
201909,0.009415341,0.20617414,3.5,95.5,0.0506,Horror,423291268
201910,0.027443781,0.24518125,3.6,96.8,0.0536,Horror,51268438
201911,-0.006428891,0.40856445,3.6,99.3,0.0536,Horror,63182780
201912,-0.010917841,0.34307784,3.6,99.8,0.0536,Horror,20859460
201901,0.022849277,0.9442128,4.0,93.8,0.0508,Thriller/Suspense,123674394
201902,0.05072034,0.35674667,3.8,98.4,0.0508,Thriller/Suspense,60539237
201903,0.06771755,0.21509108,3.8,97.2,0.0508,Thriller/Suspense,203576811
201904,0.06350815,0.47176197,3.7,100.0,0.0517,Thriller/Suspense,12414912
201905,0.02556737,-0.78933275,3.7,98.2,0.0517,Thriller/Suspense,35647309
201907,0.02001848,0.15753783,3.6,89.8,0.0506,Thriller/Suspense,142502728
201908,-5.93309E-4,-0.21709953,3.7,93.2,0.0506,Thriller/Suspense,100759853
201909,0.009415341,0.20617414,3.5,95.5,0.0506,Thriller/Suspense,50917705
201910,0.027443781,0.24518125,3.6,96.8,0.0536,Thriller/Suspense,335492786
201911,-0.006428891,0.40856445,3.6,99.3,0.0536,Thriller/Suspense,45707703
201912,-0.010917841,0.34307784,3.6,99.8,0.0536,Thriller/Suspense,209676756
202001,0.046563894,-0.019537112,3.5,101.0,0.0615,Action,241710651
202002,0.03288956,-1.0093259,3.5,89.1,0.0615,Action,84205316
202003,-0.026125133,-1.5014313,4.4,71.8,0.0615,Action,10801341
202006,0.065636866,0.22066076,11.1,72.5,0.0576,Action,429148
202007,0.060711302,0.66121584,10.2,74.1,0.0808,Action,514107
202008,0.037832797,0.840776,8.4,80.4,0.0808,Action,1044212
202009,0.016722344,-0.47073564,7.8,81.8,0.0808,Action,58426747
202011,-0.007338386,1.2905476,6.7,80.7,0.1077,Action,793525
202012,0.011268314,0.44545752,6.7,79.0,0.1077,Action,34922180
202001,0.046563894,-0.019537112,3.5,101.0,0.0615,Adventure,77072943
202002,0.03288956,-1.0093259,3.5,89.1,0.0615,Adventure,221962664
202003,-0.026125133,-1.5014313,4.4,71.8,0.0615,Adventure,61621935
202006,0.065636866,0.22066076,11.1,72.5,0.0576,Adventure,80496
202008,0.037832797,0.840776,8.4,80.4,0.0808,Adventure,4810790
202010,0.004986636,-0.33198944,6.9,76.9,0.1077,Adventure,1474126
202011,-0.007338386,1.2905476,6.7,80.7,0.1077,Adventure,34558715
202012,0.011268314,0.44545752,6.7,79.0,0.1077,Adventure,6189905
202001,0.046563894,-0.019537112,3.5,101.0,0.0615,Comedy,22216551
202002,0.03288956,-1.0093259,3.5,89.1,0.0615,Comedy,11256726
202003,-0.026125133,-1.5014313,4.4,71.8,0.0615,Comedy,16255
202004,-0.080238074,1.5221285,14.8,72.3,0.0576,Comedy,5727
202005,2.34366E-4,0.5433818,13.3,78.1,0.0576,Comedy,83972
202006,0.065636866,0.22066076,11.1,72.5,0.0576,Comedy,1577
202007,0.060711302,0.66121584,10.2,74.1,0.0808,Comedy,12382
202008,0.037832797,0.840776,8.4,80.4,0.0808,Comedy,3439660
202009,0.016722344,-0.47073564,7.8,81.8,0.0808,Comedy,650834
202010,0.004986636,-0.33198944,6.9,76.9,0.1077,Comedy,19188659
202011,-0.007338386,1.2905476,6.7,80.7,0.1077,Comedy,407775
202012,0.011268314,0.44545752,6.7,79.0,0.1077,Comedy,2056635
202001,0.046563894,-0.019537112,3.5,101.0,0.0615,Drama,13922096
202002,0.03288956,-1.0093259,3.5,89.1,0.0615,Drama,43991767
202003,-0.026125133,-1.5014313,4.4,71.8,0.0615,Drama,24300340
202004,-0.080238074,1.5221285,14.8,72.3,0.0576,Drama,39840
202006,0.065636866,0.22066076,11.1,72.5,0.0576,Drama,14635
202007,0.060711302,0.66121584,10.2,74.1,0.0808,Drama,935424
202008,0.037832797,0.840776,8.4,80.4,0.0808,Drama,5067297
202009,0.016722344,-0.47073564,7.8,81.8,0.0808,Drama,3139095
202010,0.004986636,-0.33198944,6.9,76.9,0.1077,Drama,1984754
202011,-0.007338386,1.2905476,6.7,80.7,0.1077,Drama,1308556
202012,0.011268314,0.44545752,6.7,79.0,0.1077,Drama,1164008
202001,0.046563894,-0.019537112,3.5,101.0,0.0615,Horror,105604276
202002,0.03288956,-1.0093259,3.5,89.1,0.0615,Horror,212212550
202003,-0.026125133,-1.5014313,4.4,71.8,0.0615,Horror,603212
202004,-0.080238074,1.5221285,14.8,72.3,0.0576,Horror,126418
202005,2.34366E-4,0.5433818,13.3,78.1,0.0576,Horror,3630880
202006,0.065636866,0.22066076,11.1,72.5,0.0576,Horror,1076358
202008,0.037832797,0.840776,8.4,80.4,0.0808,Horror,50197894
202009,0.016722344,-0.47073564,7.8,81.8,0.0808,Horror,1911600
202010,0.004986636,-0.33198944,6.9,76.9,0.1077,Horror,27582898
202011,-0.007338386,1.2905476,6.7,80.7,0.1077,Horror,17820442
202012,0.011268314,0.44545752,6.7,79.0,0.1077,Horror,42592
202001,0.046563894,-0.019537112,3.5,101.0,0.0615,Thriller/Suspense,23017036
202002,0.03288956,-1.0093259,3.5,89.1,0.0615,Thriller/Suspense,473093
202003,-0.026125133,-1.5014313,4.4,71.8,0.0615,Thriller/Suspense,6017828
202005,2.34366E-4,0.5433818,13.3,78.1,0.0576,Thriller/Suspense,31252
202006,0.065636866,0.22066076,11.1,72.5,0.0576,Thriller/Suspense,1004893
202007,0.060711302,0.66121584,10.2,74.1,0.0808,Thriller/Suspense,2691606
202008,0.037832797,0.840776,8.4,80.4,0.0808,Thriller/Suspense,20950415
202009,0.016722344,-0.47073564,7.8,81.8,0.0808,Thriller/Suspense,4821467
202010,0.004986636,-0.33198944,6.9,76.9,0.1077,Thriller/Suspense,15566724
202011,-0.007338386,1.2905476,6.7,80.7,0.1077,Thriller/Suspense,10927115
202012,0.011268314,0.44545752,6.7,79.0,0.1077,Thriller/Suspense,3089694
